Label,ID,168.035585,171.4185659,171.6036103,197.7272597,205.0769662,212.1012187,217.0146386,217.0930925,221.1369097,232.6762474,269.4446136,282.844845,305.2520399,306.2546534,311.2960979,311.6322144,328.8473168,337.5117825,339.5464193,375.4676119,391.3700151,424.5524734,545.60198,555.5969321,574.263157,617.8440742,619.7443088,619.9074425,620.295045,673.9056666,674.4693495,695.3176322,703.3384605,703.5014149,703.6263467,705.3494536,705.4909251,711.3342263,715.886043,736.3263733,736.6320844,737.9278017,761.2981248,767.3565676,767.5267279,768.3667266,773.5301342,792.7354846,806.3851142,824.5386914
none,JLA003_20150119_COLON_TUMOUR_S13B.raw,94.60954236,184.741536,184.741536,146.4305896,11975.5,1146.877859,106.5313876,106.5313876,1232.776734,536.7048019,111.5280156,2187.043506,3627.752628,981.160816,150.8780488,198.1652502,67.56217512,134.9770449,412.962412,515.0254598,12915.13165,238.8418376,183.2698557,104.791579,365.0379598,112.5784741,238.9061532,227.1364112,227.1364112,3769.25,1666.75,294.4618127,247.8443953,528.2554598,528.2554598,298.105402,463.4781211,2093.75,382.5407562,1597.25,1597.25,86.62694405,333.928059,1144.443841,536.3864587,730.1235187,1421.681261,1059.632218,518.8893631,507.5693502
none,JLA003_20150119_COLON_TUMOUR_S13B.raw,139.6351051,309.1310052,163.9526733,118.932274,11900.5,1214.122995,110.0598447,110.0598447,1167.297207,347.8162062,124.524615,1318.053111,4039.126314,1057.274145,244.1314683,244.1314683,357.4063689,230.3170628,402.896696,882.6151912,4332.305039,320.5543787,358.2366655,179.9651537,3543.630848,142.8163878,139.8216842,139.8216842,190.1083186,1516.24955,1975.98485,601.1178408,724.5718645,724.5718645,724.5718645,357.0938869,554.4248029,3232.25,477.871271,1995.125,1995.125,299.5090443,1623.787999,1516.742183,1516.742183,892.4140854,1806.027021,700.5581542,380.0665942,535.5874941
none,JLA003_20150119_COLON_TUMOUR_S13B.raw,152.4570424,295.242393,148.1808259,95.46467019,12335.16667,1169.281215,132.6896606,132.6896606,1103.741927,345.7008628,122.3019091,1822.767813,5118.116713,1235.000786,340.7065768,340.7065768,386.3489686,267.5234557,325.7721028,2692.705337,4345.175423,310.7366083,360.9595515,160.0721141,4784.44247,155.6114805,193.6678621,193.6678621,224.7442381,2288.696245,2368.892459,867.224848,935.6758883,935.6758883,935.6758883,425.532517,663.9479307,4279.884988,1058.252937,2528.580304,2528.580304,498.8360058,2233.293261,1879.850166,1879.850166,987.3842227,2320.499707,525.7873238,444.0304167,638.5260165
none,JLA003_20150119_COLON_TUMOUR_S13B.raw,144.8033088,320.032202,180.3923397,109.3692022,11861.6875,1075.894666,142.805503,142.805503,1106.427252,322.7624164,142.9038945,2162.021644,4704.986471,1220.528876,323.4674371,323.4674371,335.701338,288.2672612,406.8418812,2145.681698,3756.773883,304.4914729,311.5361922,153.4757322,4390.753625,151.666826,175.4674972,175.4674972,204.396436,2107.187875,2230.638974,813.8113904,853.6286645,853.6286645,853.6286645,391.6131984,603.4447328,3976.452196,1216.681172,2248.687473,2248.687473,566.5489791,1936.432246,1803.751126,1803.751126,1352.733137,2079.805206,460.1997518,447.965419,589.7726211
none,JLA003_20150119_COLON_TUMOUR_S13B.raw,155.9030076,295.717222,177.4230447,164.7319166,8698.611583,1091.114314,151.9893948,151.9893948,1114.403595,342.5024838,161.9457892,1884.973146,5180.333031,1282.149559,329.945621,238.6837806,162.6387042,243.0609727,467.8456855,2387.301647,3047.584197,367.8901507,239.1910967,166.0951282,1193.168689,304.1114922,172.7101067,172.7101067,253.7687855,2358.739013,2253.021951,669.6844392,373.2357366,902.3141026,902.3141026,446.1241535,615.7673909,4358.253673,1059.714595,1500.950854,2202.608597,422.871646,1900.739928,1256.805246,1952.538729,1479.536061,2176.016911,411.9718559,699.1274245,657.6425264
none,JLA024_20150123_TUMOUR_SB.raw,235.3782915,103.1122547,103.1122547,96.53414541,738.8634803,664.7337421,257.8894865,257.8894865,3738.876782,133.0200666,605.7980877,1329.970362,17486,2075.398666,794.2562081,86.93783437,623.9206133,624.9400992,849.2807971,940.4553759,10541.64935,1777.806292,273.3070453,383.402912,3154.406007,687.2561644,209.8748868,209.8748868,1822.561515,1001.471347,1768.280788,2198.973054,1798.825152,2227.5,2227.5,1933.731565,1364.818039,1514.627029,3119.004382,1560.639267,2888.938335,426.3368457,1343.589549,1627.339531,4464.455094,1218.369092,3782.012046,674.852704,1313.141565,2423.799333
none,JLA024_20150123_TUMOUR_SB.raw,212.2917342,113.1029329,113.1029329,147.2835017,906.505855,597.0317429,186.2721237,186.2721237,2928.860511,183.5868618,439.1122623,3116.794344,18657.99479,2683.91617,851.9699453,412.8135509,412.0437308,962.4257808,1012.425993,589.947025,9267.084813,1330.009156,196.9744487,374.623007,2236.372448,449.0304256,239.4238693,239.4238693,1356.485225,750.3361673,2850.350385,1815.779358,1321.929824,2698.809632,2698.809632,1474.403835,1562.16814,3496.228224,5990.87635,2738.175832,4083.535669,327.5745819,3140.869783,2863.453386,4491.610239,1392.603706,4342.951736,834.8836378,1512.2048,2411.392497
none,JLA024_20150123_TUMOUR_SB.raw,350.1567548,119.9225309,119.9225309,199.5091209,835.9505938,572.8123592,147.5355951,147.5355951,2681.899695,185.687616,366.1076406,2242.437533,18086.24442,3630.664069,1019.133563,507.7145408,378.171468,932.7858601,890.2896266,2335.118397,7913.290772,2110.97181,284.1155664,353.0052056,2134.668267,346.8601782,534.8633067,534.8633067,1359.729601,2110.815199,3225.813781,1665.107391,1447.784039,2707.510574,2707.510574,1392.995671,1534.718462,3425.897894,3751.902755,2345.188719,4036.349302,463.997791,2247.588418,2396.75514,4456.384002,780.988347,4163.517089,4294.375267,1300.003908,2472.672303
none,JLA024_20150123_TUMOUR_SB.raw,289.5293752,117.8767782,117.8767782,187.8649469,867.6024154,538.1084895,126.1944502,126.1944502,2098.457438,175.2128985,361.1605162,2378.79933,14861.08274,2994.169344,902.7096511,500.3199066,325.0511554,743.1124497,757.250329,2937.884803,6167.405199,1668.421223,247.0401303,277.1468215,1927.351173,271.0577702,415.7177742,415.7177742,1048.468424,1611.500922,2935.616356,1497.647808,1325.048249,2346.281812,2346.281812,1132.682891,1292.985552,2947.652578,3027.176691,2308.700927,3702.783269,423.3506085,2090.558499,2076.85781,3718.590295,597.692602,3629.346037,3479.562644,1095.709861,2047.108194
none,JLA024_20150123_TUMOUR_SB.raw,302.1701677,134.6706617,134.6706617,193.5949497,828.3658541,508.1090918,131.2180362,131.2180362,1969.743071,189.2094999,324.1283099,2252.827319,13261.95243,2690.125419,804.6289105,451.1037926,283.1079883,674.3773068,687.2925158,2827.380861,5986.098212,1492.108373,230.5682719,290.1488674,1718.012258,237.1170673,422.6078371,422.6078371,938.580619,1566.099529,2749.637465,1345.108827,1203.938791,2165.226328,2165.226328,1049.074589,1201.500091,2693.953999,3367.494543,2223.60528,3414.979514,475.2585535,1831.549598,1841.117305,3342.92024,603.7063188,3319.017789,3114.350717,1024.68321,1855.277081
none,JLA024_20150123_TUMOUR_SB.raw,347.4786477,140.8500637,140.8500637,221.2429515,872.0888496,486.5704156,159.5426891,159.5426891,1883.037024,250.7586629,429.012865,2251.084235,13051.88649,2661.861354,806.1669975,453.5443377,256.4175888,603.2038358,658.6942526,3115.640525,5436.47705,1427.294789,262.1694018,278.7194342,1662.027708,247.9159524,511.8613227,511.8613227,930.5644269,1447.693788,2825.622763,1292.871427,1119.770727,2143.376759,2143.376759,1001.917004,1202.022214,2665.425547,2937.86279,2355.087092,3390.440924,508.2778359,1677.509273,1809.855063,3432.688912,590.4544188,3388.458113,3064.790322,954.4567059,1865.906501
none,JLA027_20150205_TUMOUR.raw,523.6334876,544.3232719,243.3274521,169.1052299,15161.67019,2037.134464,246.9731856,246.9731856,1189.337944,270.7115932,1364.25,2478.323218,8670,2062.938572,903.3750249,241.2630504,261.1489756,481.6633124,10368.5,2569.501164,28353.6896,489.7248008,251.6677431,207.4394111,1138.898558,878.6373676,102.1733128,102.1733128,905.0232638,6057.68113,11530.84789,2799.316142,4734.891458,4734.891458,4734.891458,3081.901327,4458.701115,10289.88335,4460.58187,4031.691633,5992.087599,539.2182592,4039.87794,8715.125726,8715.125726,201.8948837,12758.89503,6961.881409,1964.788617,3241.997211
none,JLA027_20150205_TUMOUR.raw,544.1115286,331.4592228,309.8057677,144.6545968,12580.02199,1975.105323,490.2805284,490.2805284,1078.043972,409.28791,1067.22536,3402.651896,7724.954429,1893.655989,752.9248188,389.0716312,397.3688838,555.6502606,5080.577965,4096.949993,5670.362771,640.7948786,258.5565662,192.2989921,1471.627056,721.3301069,1287.459719,1268.195651,1268.195651,1180.372003,8685.373838,2176.729268,2113.458555,4064.641164,4064.641164,2104.86243,3265.261541,3994.844506,4578.585044,2992.2145,4642.329162,470.9160709,2357.889217,4446.400621,4574.556883,6242.406666,9385.88036,5544.164863,1553.204516,2742.878027
none,JLA027_20150205_TUMOUR.raw,468.5663346,270.1675028,270.1675028,177.0524679,12128.32767,2039.741089,553.1575692,553.1575692,1127.695981,386.3222988,591.0292254,1630.724529,8402.392064,1915.613509,793.3959143,446.7789348,660.8428073,439.310363,1850.616062,2407.068066,4656.510752,1397.698429,324.8064753,247.4023659,1973.510605,665.8097878,491.9066224,491.9066224,1761.892261,1477.871378,7890.5028,2506.409248,2331.143831,4122.425981,4122.425981,2711.461424,3565.028984,3032.097691,3838.167789,3278.624352,4718.308512,551.050396,3351.940829,5280.132237,4829.574315,5366.78562,9509.213425,5604.24539,1803.384827,1885.316155
none,JLA027_20150205_TUMOUR.raw,447.7100062,260.8414205,260.8414205,172.9658192,13407.82336,2165.13628,518.9949946,518.9949946,1138.471119,478.9080693,581.6710656,1582.335681,7163.974207,1633.110355,707.5044135,393.2715699,617.0559857,404.8112588,1598.431634,1963.245129,4885.581119,1265.730191,322.8201282,249.9262592,1710.180199,587.2909787,421.6470092,421.6470092,1459.27086,1214.835159,6887.499155,2111.874045,1984.09927,3497.295065,3497.295065,2309.743802,3090.544819,2513.120039,3200.595911,2760.728119,4059.936029,456.117712,2843.143051,4386.766121,4346.639179,4796.698517,8137.107581,4768.90181,1539.974015,1639.335507
none,JLA027_20150205_TUMOUR.raw,455.7491649,245.9130336,245.9130336,192.3504994,12907.49151,2165.403381,534.7020901,534.7020901,1084.062752,454.2449092,552.6132927,1498.678568,6817.565477,1618.924786,667.5754967,412.1333335,625.3574717,408.520433,1430.029123,1826.996609,5970.45927,1201.324027,434.9377723,237.929752,1713.513313,579.6914469,478.3499051,478.3499051,1463.585791,1265.63289,6663.186247,2036.708152,1903.715674,3436.028979,3436.028979,2175.328588,3005.93345,2332.008775,3170.32644,2620.878376,3853.308732,723.2454823,2700.127658,4204.673906,4207.961999,4580.004292,7716.674096,4543.290451,1445.369856,1539.701489
none,JLA027_20150205_TUMOUR.raw,583.4443686,344.2975145,224.6662769,209.7876195,11634.40277,1466.571132,732.6408466,732.6408466,1674.03732,465.3232603,903.1024322,1826.258883,9778.960039,1509.238443,844.1428769,398.8367093,1982.143117,544.6001066,1203.278368,2187.599668,29587.54778,1182.481542,455.1647734,341.6209958,2475.72459,798.4529424,539.1842931,539.1842931,2153.504885,3269.559928,8467.002381,2579.463738,2478.97909,4500.948018,4500.948018,2511.654804,3750.891736,5187.43612,3167.63189,3308.719529,4759.759277,835.475082,3092.02251,5280.300824,5649.738403,7342.064773,9599.269303,1037.564057,1797.766913,3072.538319
KRAS,JLA039M_20150212_POLYP_B_MUCOSA.raw,176.2872994,91.79499083,74.07219349,72.47474084,856.5448275,213.2784946,65.76946185,65.76946185,154.6936913,77.89349313,285.5148462,1253.725099,2795.936924,672.666933,323.1354991,323.1354991,172.8114372,233.855246,567.1540584,2037.383836,8956.966626,238.5901315,494.1917084,135.3903516,426.5994143,166.3318618,180.3814727,180.3814727,338.0988204,610.8337803,1083.167486,299.9417157,289.199395,570.6930084,403.271939,390.6864373,401.876921,555.1702646,364.5980397,528.9922207,1357.032189,642.2614083,767.620274,286.6907658,1156.107262,1076.131074,628,996.8961834,245.987185,504.1984241
KRAS,JLA039M_20150212_POLYP_B_MUCOSA.raw,141.8960148,125.664328,122.5747349,116.5785993,781.9659423,229.5092406,70.4264029,70.4264029,201.9232363,94.60305508,386.4556632,1931.532578,4031.880384,874.0710054,364.6875501,364.6875501,169.5300946,235.1756582,640.3270764,5105.059341,21399.08869,173.216757,334.9055499,128.0470283,1645.056285,193.5995981,157.7199253,157.7199253,232.5259777,659.2949112,1874.3847,811.5547824,421.1266789,841.2349929,542.3162152,554.7350614,648.3481253,1177.077167,410.9626857,2087.717835,2615.764455,481.3917476,1560.9435,795.8185694,1648.259252,1472.490063,1088.285714,1179.174669,443.3835106,597.0972214
KRAS,JLA039M_20150212_POLYP_B_MUCOSA.raw,167.4763019,141.0922284,136.3882872,123.5277991,705.3123778,213.4649015,102.956089,102.956089,228.236551,86.84299606,293.1688007,1496.131873,3369.689677,698.226057,461.8270013,461.8270013,147.1135823,194.8257508,581.7847935,5058.74575,18318.86209,207.294379,315.7723141,149.0835842,1222.733392,196.324836,162.7708772,162.7708772,219.9951934,800.3570564,1568.065655,732.3192682,355.4414883,717.3880402,486.2511756,449.3931355,569.771579,973.4348145,742.4427285,1741.226648,2245.36896,450.5306108,1308.07042,666.0357005,1365.207654,1321.633025,940.0558747,991.1905175,366.5720578,541.3748214
KRAS,JLA039M_20150212_POLYP_B_MUCOSA.raw,139.3226985,125.9272529,117.4231666,121.251562,693.0909571,198.932634,111.2537749,111.2537749,261.310045,85.3233088,333.3486798,1511.876402,2958.313422,632.6264071,559.6245297,559.6245297,134.2770594,170.0861136,551.2152092,4560.981267,16391.04776,186.6297399,312.4784996,173.2339725,1007.00276,191.5026766,163.539178,163.539178,240.7741917,822.4776034,1433.902351,673.3125391,335.8265575,659.3874653,463.5613874,418.8899712,511.814067,805.1040914,679.3592817,1494.213566,1962.528348,415.7359483,1139.616291,612.5660683,1237.278879,1068.331447,833.5926444,915.2584434,353.1219373,482.3031385
KRAS,JLA039M_20150212_POLYP_B_MUCOSA.raw,213.3217039,124.6347891,124.6347891,131.2034305,738.3830847,226.507233,111.6632567,111.6632567,256.5246146,90.57934913,411.5201694,1264.802602,4053.130112,821.1802052,594.9366452,444.5579329,396.6890789,185.9269032,408.702685,6862.994465,7170.841914,485.7232126,421.999813,155.7253418,958.9877887,175.9317803,151.7810616,151.7810616,291.7414012,713.5838654,1867.619601,603.6690667,423.6996159,959.8923012,536.0289737,406.5135359,701.0687346,2674.619996,1236.27845,2280.620555,2280.620555,2405.139503,1949.640173,1772.485438,1772.485438,2107.219675,1170.824638,1226.160194,425.6174135,463.0390902
KRAS,JLA041_20150218_TUMOUR.raw,85.68553064,93.2404892,93.2404892,280.9898663,1018.261231,347.7312104,98.36894495,98.36894495,123.3471874,110.4384364,110.1301544,1596.522368,475.1278515,220.0251509,1111,1111,175.6362112,142.5170815,862.75,920.1884018,3849.137149,186.9888193,80.41921618,83.02954261,94.62121784,68.85912171,70.85311268,77.96469995,77.96469995,87.92884006,262.5,211.2938316,110.3181881,147.0297502,147.0297502,133.7281212,129.4657378,168.2543375,720.3532893,373.1031904,373.1031904,263.5,147.6624214,97.6522832,165.1239488,330.75,311.0808468,81.51506288,42.83268528,82.1257288
KRAS,JLA041_20150218_TUMOUR.raw,82.52786971,117.0633734,117.0633734,247.697543,1210.86114,298.9532111,111.338761,111.338761,228.6116117,109.7044188,155.3793861,922.8429018,1389.904223,396.7882103,546.9709183,546.9709183,134.6652398,190.0196686,561.5000979,2046.058094,8919.492147,160.7428306,74.56294455,70.58286859,150.1544979,80.53198565,61.20793084,61.20793084,98.55013297,431.6485002,615.4816729,383.4147659,319.9967542,319.9967542,319.9967542,141.7991411,245.3701442,999.410516,1807.886037,369.6214424,279.2236513,304.7360237,670.2598151,167.477422,321.1290406,301.0453568,819.3696204,286.3012404,184.4809279,197.0338527
KRAS,JLA041_20150218_TUMOUR.raw,81.24950401,108.8687943,108.8687943,228.5431942,1056.106501,313.5522639,104.9687564,104.9687564,217.3016688,112.0190831,228.0553358,795.5011337,1372.928857,349.2040691,498.8862784,498.8862784,140.8523767,180.1572337,497.8075361,2209.548293,9601.202443,172.4000903,97.75096786,84.7141423,142.8713595,106.3568334,79.6347031,79.6347031,104.6492798,454.1230559,682.1631535,406.8774717,365.3537283,365.3537283,365.3537283,160.6016246,255.8560912,1081.62472,1839.446707,480.2897346,372.8265665,303.8737497,654.1948613,195.6897768,361.0723696,321.913958,817.2882088,285.9482832,214.77425,225.1519486
KRAS,JLA042_20150219_TUMOUR.raw,29.33333333,114.3333333,114.3333333,713.6144798,1720.351233,418.1740939,348.728594,348.728594,143.5004078,193.3977045,135.9317357,1397.059595,775.6336999,437.2966267,630.2665819,630.2665819,297.9251762,112.8041075,246.9090992,78.11030677,123.6686228,374.3843209,138.6999305,219.3034909,110.4315012,83.07219921,102.4959902,102.4959902,102.4959902,53.95189005,426.8979427,74.48184249,67.76420747,234.7398789,234.7398789,86.83403493,131.8111133,80.71084324,412.1595592,400.7312545,400.7312545,352.2653442,466.3333333,228,228,662.3333333,220.3333333,223,79.66666667,87
KRAS,JLA042_20150219_TUMOUR.raw,25.7774694,28.03521567,28.03521567,560.069425,1536.538322,346.9270187,222.9293842,222.9293842,198.2029557,150.7237404,235.7883612,2646.68417,1111.005621,416.5683363,671.9911274,671.9911274,155.6844724,175.6238167,335.2163292,183.2471175,168.6055651,323.8402066,86.44533889,97.54856809,165.9885155,108.5247161,114.0933967,111.6946161,111.6946161,85.71580401,365.2958988,200.5656575,132.8443002,258.6656681,258.6656681,158.0019462,168.1916094,98.6750693,217.2294059,280.9592753,333.7620349,225.0788007,502.842474,394.9156518,394.9156518,309.6748257,325.9064557,98.03903115,80.5,168.6033311
KRAS,JLA042_20150219_TUMOUR.raw,22.19963892,118.7656466,124.5133414,483.8934012,1619.122921,303.8202562,252.0321114,252.0321114,258.7292596,173.0163889,230.9267259,3050.678802,2504.306274,581.2288121,671.7667266,414.5894387,585.3858033,216.7125704,872.4835199,762.7261027,2943.565303,844.8330896,123.7747667,140.5823551,397.5278302,95.85484728,194.8786189,194.8786189,316.4690733,493.5687379,570.5145865,266.4831838,230.5899832,418.3356602,418.3356602,255.0662031,225.7515207,292.0518145,1007.540527,337.9728163,337.7497766,194.7390782,757.77771,666.667011,567.6432897,2143.929856,762.9543362,341.5572796,183.9143332,279.8790471
KRAS,JLA042_20150219_TUMOUR.raw,24.25396502,45.82800128,118.1291122,481.5773163,1584.499425,344.4437047,242.3178314,242.3178314,208.8397192,196.4857854,192.0824183,1682.937975,3167.146423,722.0653097,661.6970904,661.6970904,605.9479127,464.7706039,503.7141959,1615.113955,848.301469,707.5436482,226.8614008,196.2100354,442.7569617,128.4557075,188.7643895,188.7643895,356.08451,284.5381063,685.8959271,330.7108312,266.0841134,514.94034,514.94034,240.8705495,299.9131985,265.8989254,950.7335749,661.9097854,661.9097854,165.8657775,1183.030418,595.2753563,690.7132631,2478.402357,909.5373636,909.0219241,183.2768353,406.8042864
KRAS,JLA042_20150219_TUMOUR.raw,32.02063773,110.755318,118.3290797,383.5870055,1522.168881,335.4492065,249.753554,249.753554,294.4095553,282.1834721,493.5830534,2721.130165,5162.118969,1136.303064,628.6993048,405.702128,707.151377,327.4390636,450.5871331,3557.342589,1009.520955,630.1579649,256.9059228,161.7019264,529.2895579,117.9545928,190.3379151,190.3379151,241.2886024,322.5661739,1162.096107,411.6278912,429.5380851,880.9080036,880.9080036,315.223113,549.1793606,600.7522247,4787.971155,1098.167661,452.4234681,301.8280977,1955.274715,798.1712763,1030.884178,3853.826915,1472.362867,1458.442935,243.4559726,672.5256612
KRAS,JLA086_20150422_TUMOUR.raw,156.3528814,124.6154535,218.6922815,192.1830995,258.7755781,120.5197583,155.75,155.75,172.6129034,41.46638153,167.5166014,231.521831,2165.25,394.7833118,148.97021,148.97021,266.0613314,266.6253247,78.38340163,1963.75,6775.5,204.4976064,276.925281,116.4993423,191.6118518,163.6732657,115.7322917,154.411718,154.411718,129.1769081,521.2126911,172.8034477,140.1510638,394.5084752,394.5084752,139.9906887,204.0248602,195.822884,378.6729611,625.9227963,625.9227963,491.5450875,190.4962983,140.1332625,719.537667,234.7702581,478.3791708,414.414076,98.70887825,175.0520743
KRAS,JLA086_20150422_TUMOUR.raw,179.1596971,171.7801846,208.5273432,205.8843138,333.6092032,166.5700577,224.70671,224.70671,318.212757,65.10198156,168.636681,349.0874751,1937.312656,343.0772821,176.3884347,176.3884347,248.0528574,296.2279762,109.2271676,1927.597754,6904.003889,186.3635249,245.0544237,121.2424432,188.0198824,160.6809076,151.7490831,150.7538255,150.7538255,254.4825907,581.5495059,271.2054302,163.5540531,424.7116063,424.7116063,163.4230135,248.4473267,381.3232381,987.018393,774.1375625,774.1375625,640.1002983,539.5588913,220.0779447,589.7376814,398.4660546,498.2911858,431.8664693,114.1456704,186.9383121
KRAS,JLA086_20150422_TUMOUR.raw,144.184313,138.7144747,179.6491353,208.8105559,305.9997222,176.4504665,206.3186263,206.3186263,266.2208702,139.208677,197.1473735,386.679813,1876.941743,347.7492946,169.5921369,169.5921369,235.8977101,191.3649496,100.9792386,1781.333728,6428.287811,157.3244186,165.741794,111.3540717,180.492821,125.9174685,152.7331309,152.9089744,152.9089744,1748.775721,593.4040608,217.966149,158.0124293,399.080459,399.080459,177.7841309,252.4877133,895.3223204,1770.853931,705.5376103,705.5376103,272.2893739,481.935965,216.6603012,595.8920553,1096.331195,449.3691611,429.4454449,98.86303944,212.4139169
KRAS,JLA089_20150424_TUMOUR.raw,480.2553028,397.2825276,397.2825276,162.1002664,1001.534315,638.1938461,789.6687649,789.6687649,1367.083503,129.8883198,562.9228258,720.7912346,9183.611287,1612.494009,1807.775492,1418.749208,523.0432546,788.9764966,1462.979243,1436.220351,9855.068733,181.1743347,226.5923885,67.68958745,602.1438554,72.16373226,74.28904451,74.28904451,422.5913701,1260.299014,2478.8,508.278689,1560.132395,1560.132395,386.6253628,359.6938406,1125.740507,530.2499483,5018.8,3260.6,3260.6,3189.656817,2749.073751,1908.175458,1908.175458,3351.80825,2798.444776,144.3880629,423.5482813,904.1204769
KRAS,JLA089_20150424_TUMOUR.raw,379.0681903,373.6330335,373.6330335,203.7453802,707.2895438,504.3500959,577.1202435,577.1202435,971.3395124,123.4000831,415.1458149,614.7116091,6586.909655,1419.943598,2036.682567,1647.989798,452.9120442,810.0141214,1458.368892,930.3102973,6950.705829,169.2841674,192.9126217,116.5465393,444.914454,81.53018115,79.92020022,79.92020022,287.470948,1275.657883,1755.25,450.9682006,1113.075536,1113.075536,341.1064748,330.4296001,814.0172351,383.8279892,3495.82676,2600.603047,2600.603047,2486.005325,2114.650135,1361.072151,1361.072151,2383.505156,1934.215178,138.7145381,317.092482,637.4829831
KRAS,JLA089_20150424_TUMOUR.raw,407.3378093,348.0697384,348.0697384,539.9778517,809.1667902,763.9120322,795.2814768,795.2814768,774.3597978,308.1562035,1551.298031,1103.869028,9328.021326,1793.638587,1816.50559,887.9000295,564.1940911,660.6800596,1064.684854,538.4636559,12554.04974,272.4397683,140.457529,215.7910267,668.465085,90.9738404,457.8965349,414.0342294,414.0342294,2202.594196,3686.947709,539.8459231,880.0331322,1921.313272,1921.313272,496.2906702,1416.908869,3269.379887,6496.618299,4041.479981,4041.479981,667.3281672,3540.384802,2325.093078,876.8722062,4450.240325,3797.79771,1808.211914,602.3423884,1133.445613
KRAS,JLA089_20150424_TUMOUR.raw,362.962305,370.2685095,370.2685095,480.155839,688.521,645.0925177,682.8642319,682.8642319,673.3337325,288.8881474,1390.174908,1109.498053,8339.454827,1608.956352,1920.928602,963.2972812,490.4987707,783.1737383,1013.329598,995.1053807,11754.35291,236.9654982,154.3953746,215.8706402,560.3450169,103.4739081,404.4025605,363.9751825,363.9751825,2586.228125,3309.225115,538.1472329,923.1046289,1740.207421,1740.207421,501.9419875,1253.109799,3052.121159,5976.574839,3467.808055,3467.808055,563.0295988,3011.076239,2148.161152,1024.69376,4021.141504,3494.93598,1618.805918,542.0659576,997.9333779
KRAS,JLA092_20150430_TUMOUR.raw,89.60805733,843,843,311.807801,115.1037012,62.93635009,81.2259905,81.2259905,108.5097485,108.2432657,375,149.4652929,1249.666667,226.4319932,795.2925501,795.2925501,138.3397837,367.935482,1652.344546,804,1022.970029,220.0450707,128.0438258,120.4546076,127.853996,106.0032363,122.1999824,141.5131296,141.5131296,74.86410698,202.8048103,147.6140422,106.3928819,276.6683602,276.6683602,130.8881753,150.2398431,424.6666667,1115.963318,164.4188424,164.4188424,104.3815519,169.0124589,86.86783531,329.522507,178.6353789,417.3791341,354.7825288,110.0773087,213.9181544
KRAS,JLA092_20150430_TUMOUR.raw,147.5294042,927.4285714,326.5745226,340.7287234,128.6170187,160.435687,135.4478855,135.4478855,161.5359913,104.755835,487.2857143,578.9100662,2172.848498,619.5464274,736.0926368,736.0926368,282.3851623,573.1733949,1723.074814,1886.463916,2517.877738,257.2275085,147.1551223,93.36140821,251.8892774,71.20840284,228.9249944,214.2404802,214.2404802,171.7018181,492.7188077,207.0195307,197.7762424,669.308981,669.308981,191.1059117,256.0735206,311.7233722,969.667781,209.8581701,273.5461035,107.9446371,198.6060437,1086.404564,718.2444757,2118.273534,775.930824,786.3765381,178.6195508,337.3977186
none,JLA094M_20150505_TUMOUR.raw,447.7450379,767.2,767.2,128.0477106,359.7635356,194.3597345,241.0434823,241.0434823,1244.458023,350.7291918,340.4459685,334.3963287,1783.56481,464.9215129,390.1982609,390.1982609,362.9959272,199.0230558,377.606617,1318.924611,1515.245233,291.4013978,90.51578736,267.8765109,1092.706314,254.8787135,333.7657981,268.8089381,268.8089381,343.7167777,327.0254145,301.5878353,377.0952774,415.2415341,415.2415341,284.401609,267.4371029,272.7239463,367.8180165,338.5521402,352.914181,52.18379422,323.1860267,294.9318702,243.0738694,343.9393248,423.7040539,141.9110904,191.0537,203.1543692
none,JLA094M_20150505_TUMOUR.raw,364.803627,779.6666667,779.6666667,150.7051922,305.1681432,167.9582064,215.6703946,215.6703946,842.9033775,290.3613072,379.7901716,436.0919032,1624.277452,418.393568,340.7767297,340.7767297,320.8258309,229.2664174,419.7627688,1109.598698,1731.422116,249.2052093,133.5099468,254.8057168,723.1654779,229.772435,285.6142094,234.4372786,234.4372786,364.5067155,304.1864527,244.9699771,300.8684379,348.7895311,348.7895311,235.5928845,231.7487067,225.5730181,381.8298567,260.2390419,372.4085554,160.0579664,250.697976,357.5784326,325.3448379,253.8699237,461.0352551,196.2052843,168.5361293,220.3491924
none,JLA094M_20150505_TUMOUR.raw,382.922514,608.5196554,432.920651,144.2373632,382.2020769,264.702169,336.0974357,336.0974357,1088.44354,260.8820793,344.6783278,528.2894414,3615.618194,800.355778,383.5127272,267.6985939,180.3189511,329.40497,292.296174,1018.243848,5198.804304,137.4589516,259.8258621,227.0673828,832.3182587,141.7498399,255.8486455,404.1945062,404.1945062,324.7251405,861.3081822,404.8525589,432.0400285,794.2323089,794.2323089,376.7976189,476.1261684,309.2522011,608.1784278,591.9123843,1107.311673,151.6233,685.827745,459.6962991,803.1471811,373.3471928,1341.134108,188.8433725,317.8212926,434.5813751
none,JLA095_20150511_TUMOUR.raw,730.3584093,1032.369211,514.3325554,386.4563932,1752.260112,1704.083667,625.1533853,625.1533853,10571.24533,305.1003571,748.8990077,1914.620629,3110.61412,651.4144714,2056.86024,2056.86024,1761.800355,329.2891203,645.4333332,302.3222521,2266.82853,1556.422343,1408.209461,670.5863207,2870.89862,2392.768117,2321.988868,2274.979321,2274.979321,2532.773327,1118.722602,2664.94463,2513.198799,1003.621265,1003.621265,2456.483194,756.3778628,2231.215345,1188.245738,2305.628201,1563.03633,613.652628,2242.970112,2124.153097,1334.465668,2214.979209,2504.774872,1930.555552,2241.658578,757.2824869
none,JLA095_20150511_TUMOUR.raw,948.4533073,836.5461177,836.5461177,366.4912491,2321.364659,2546.021702,839.8147387,839.8147387,12304.82895,251.1452908,1095.450515,1703.179602,2862.816436,568.9066029,1582.1758,1310.67687,693.3428483,497.5561195,590.2211007,331.3243928,2061.282926,1626.264681,907.2923125,506.5009306,2821.640432,676.7776269,2166.385209,2246.903566,2246.903566,2231.668387,993.8662784,2330.289743,2363.192374,902.336669,902.336669,2296.983754,550.1539869,2117.287437,992.3057584,2156.972265,1604.64421,589.279906,2027.127587,2016.044804,949.4315928,2130.737939,1724.211366,502.2792495,2155.842474,524.4581254
none,JLA095_20150511_TUMOUR.raw,819.6654064,909.0551703,909.0551703,364.8853375,2052.622555,2371.556202,791.9351638,791.9351638,10597.61063,245.5008128,1092.314727,1605.820457,2695.34266,530.6589755,1386.142306,1147.806375,639.3864971,501.4268226,534.9719133,342.1899809,1872.940838,1461.439968,782.1238413,445.8684875,2548.334656,652.304053,1963.328776,2011.221383,2011.221383,2008.084944,949.2099542,2104.659624,2099.05172,863.9314306,863.9314306,2062.230851,515.6089143,1905.797882,936.2854517,1935.898454,1487.304772,588.2518438,1806.075657,1812.916288,875.693433,1898.259707,1580.492989,454.6539999,1927.737476,498.3256362
none,JLA095_20150511_TUMOUR.raw,776.9163161,913.2484863,913.2484863,350.1056308,1874.558631,2164.662675,735.698106,735.698106,9907.032281,295.2278406,1059.553304,1636.57651,2437.10572,478.0051993,1350.297234,1103.747384,610.4093652,448.2991031,492.8589607,475.6506288,1709.352966,1380.703206,714.8161222,453.6436619,2363.569903,586.561087,1791.626978,1849.15928,1849.15928,1848.639474,857.5508926,1927.424392,1889.201898,761.5724496,761.5724496,1891.53441,544.9066235,1747.879891,912.0476803,1772.906754,1297.517754,585.4017284,1675.522732,1678.679704,777.9165932,1692.742681,1404.145033,421.5603978,1763.725023,466.7457741
none,JLA095_20150511_TUMOUR.raw,724.9004314,930.9252272,930.9252272,384.2259404,1763.544719,1999.402385,692.1509369,692.1509369,9232.292041,292.4529243,1059.916114,1630.699976,2311.252486,454.0991988,1280.837802,1058.620602,573.1024849,430.7166222,503.0901938,436.0820638,1593.589268,1295.322528,650.4296557,415.420064,2214.194763,534.9846302,1677.560981,1728.10108,1728.10108,1726.70526,811.3484137,1772.800772,1765.809117,715.3018985,715.3018985,1759.951841,517.9498956,1622.600715,867.1175005,1661.349707,1194.884306,565.1906354,1564.218256,1559.321511,729.4040092,1575.871142,1312.424788,413.0102248,1627.397343,449.63467
none,JLA095_20150511_TUMOUR.raw,677.3531751,927.573929,927.573929,403.3644189,1641.910597,1853.520443,653.628539,653.628539,8411.179423,280.8139268,1062.066961,1529.535843,2138.03138,426.7067941,1286.781771,1072.545643,531.0154001,424.8779602,469.9012637,416.0294472,1507.038272,1204.0767,597.1840527,388.8803963,2041.200736,529.314907,1559.227958,1608.811946,1608.811946,1601.818171,756.8079878,1641.272241,1633.849429,656.2091648,656.2091648,1629.36418,493.838595,1511.155679,818.1579634,1535.65052,1096.92204,520.530059,1446.341542,1443.624439,672.6570681,1461.079651,1221.559442,385.7954301,1501.526082,418.1978604
none,JLA095_20150511_TUMOUR.raw,291.8175626,1537.403164,769.4976102,420.2989032,1595.090117,1970.661808,647.3787152,647.3787152,8187.833122,273.8570381,1161.635298,3098.28566,2439.682235,535.6307102,1146.97644,682.750601,495.821249,877.1182181,1079.745727,981.6284485,2287.776036,1430.562255,951.8562642,522.8418477,2210.702424,526.4176138,853.7563924,853.7563924,1765.146002,932.0914825,1010.247284,1901.972935,1848.533082,810.9461762,810.9461762,1833.497746,871.967039,1755.881627,637.2364935,1737.236494,1251.5794,402.3784932,1627.087471,1687.234274,1783.092097,1657.411771,2204.733659,1362.596395,1652.114441,782.6696173
none,JLA110_20150625_TUMOUR_01.raw,231,231,231,231,231,231,231,231,231,231,30,177,250,250,250,250,250,250,159,159,165,164,92,92,92,264,264,264,264,108,108,209,107,107,107,107,107,89,37,44,57,57,41,41,64,64,63,63,63,63
none,JLA110_20150625_TUMOUR_01.raw,37.25,37.25,37.25,37.25,37.25,37.25,115,115,115,115,96.47649361,323.5,169.8970951,169.8970951,133.9691574,133.9691574,122.8112394,143.8331471,143.8331471,217.7461807,223.6695867,158.9978227,120.7486783,120.7486783,83.72473333,282.5,282.5,282.5,282.5,264.2568422,264.2568422,266.25,164.9945393,164.9945393,164.9945393,164.9945393,164.9945393,87.68838915,81.68682244,51.27419632,51.27419632,86.21873131,64.0665243,91.80806038,91.80806038,155,78.0980593,59.82214842,65.09157136,65.09157136
none,JLA110_20150625_TUMOUR_01.raw,57.68982912,57.68982912,57.68982912,57.68982912,57.68982912,57.68982912,116.4003838,116.4003838,116.4003838,116.4003838,204.4338618,338,178.3176761,178.3176761,126.7753259,126.7753259,118.7018558,132.830368,132.830368,209.1939045,230.9270571,178.3982582,132.2354937,132.2354937,102.9297687,272.6,272.6,272.6,272.6,242.2054738,242.2054738,257.6,167.2173018,167.2173018,167.2173018,167.2173018,167.2173018,93.80264062,88.14945795,53.56095205,53.56095205,83.58715832,61.64755322,83.55042138,83.55042138,152.6,98.58101833,57.28404505,61.87320925,61.87320925
none,JLA110_20150625_TUMOUR_01.raw,68.95765108,68.95765108,68.95765108,68.95765108,68.95765108,68.95765108,111.8343185,111.8343185,111.8343185,111.8343185,204.1865976,339.8333333,173.5980634,173.5980634,130.3769718,130.3769718,126.2453851,139.6121416,139.6121416,237.8251321,213.2725475,178.6652151,126.6962447,126.6962447,102.8703616,264.4984552,264.4984552,264.4984552,264.4984552,243.8378948,243.8378948,240.5,169.9150958,169.9150958,169.9150958,169.9150958,169.9150958,89.26207944,88.11358071,57.31725438,57.31725438,79.7261777,65.60804599,82.14691408,82.14691408,155.3333333,116.2208456,70.47724981,74.05248673,74.05248673
none,JLA110_20150625_TUMOUR_02.raw,103,103,103,103,103,103,103,103,103,1303.75,139.3522492,242.8159062,253.2464512,253.2464512,185.356036,185.356036,198.8657461,198.8657461,198.8657461,213.2617378,213.2617378,235.1211131,182.8369121,182.8369121,182.8369121,162.0078499,162.0078499,162.0078499,162.0078499,143.4320344,143.4320344,307.9694883,198.8487455,198.8487455,198.8487455,198.8487455,198.8487455,140.0327713,96.2640592,109.7983053,109.7983053,128.3864077,90.4100293,149.3440179,149.3440179,149.3440179,32.63379676,31.59990579,31.59990579,14.25
none,JLA110_20150625_TUMOUR_02.raw,103,103,103,103,103,103,103,103,103,1303.75,139.3522492,242.8159062,253.2464512,253.2464512,185.356036,185.356036,198.8657461,198.8657461,198.8657461,213.2617378,213.2617378,235.1211131,182.8369121,182.8369121,182.8369121,162.0078499,162.0078499,162.0078499,162.0078499,143.4320344,143.4320344,307.9694883,198.8487455,198.8487455,198.8487455,198.8487455,198.8487455,140.0327713,96.2640592,109.7983053,109.7983053,128.3864077,90.4100293,149.3440179,149.3440179,149.3440179,32.63379676,31.59990579,31.59990579,14.25
none,JLA110_20150625_TUMOUR_02.raw,103,103,103,103,103,103,103,103,103,1303.75,139.3522492,242.8159062,253.2464512,253.2464512,185.356036,185.356036,198.8657461,198.8657461,198.8657461,213.2617378,213.2617378,235.1211131,182.8369121,182.8369121,182.8369121,162.0078499,162.0078499,162.0078499,162.0078499,143.4320344,143.4320344,307.9694883,198.8487455,198.8487455,198.8487455,198.8487455,198.8487455,140.0327713,96.2640592,109.7983053,109.7983053,128.3864077,90.4100293,149.3440179,149.3440179,149.3440179,32.63379676,31.59990579,31.59990579,14.25
KRAS,JLA112_20150625_TUMOUR_01.raw,48.25569226,34.56254676,34.56254676,57.53899022,43.87812467,58.42135238,84.49282013,84.49282013,88.34875971,108.9213425,216.723391,454.4307047,283.3715139,130.8416086,205.6631536,205.6631536,179.150838,200.3333333,200.3333333,473.8433618,571.9804346,229.9281795,209.021219,211.3290856,120.1214688,122.7670702,122.7670702,122.7670702,122.7670702,100.4364023,148.3308426,113.8235166,88.64865353,88.64865353,88.64865353,68.67629898,68.67629898,133.3972697,130.2005136,82.00853193,82.00853193,134.2219607,154.0159175,324.3333333,324.3333333,445.3333333,80.85498802,231.4587063,70.95026768,60.91045389
KRAS,JLA112_20150625_TUMOUR_01.raw,24.12784613,17.28127338,17.28127338,49.0016009,54.70339786,73.09874096,95.36178001,95.36178001,108.3951913,133.9679994,196.5263943,702.2924517,267.0189205,136.6853752,172.3684288,172.3684288,151.1579487,193,193,351.7577796,382.9907214,184.4773862,180.5936156,187.0801561,102.1312474,121.8604469,121.8604469,121.8604469,121.8604469,83.31663536,97.94995912,155.0842319,90.50570336,90.50570336,90.50570336,81.90457945,81.90457945,115.7354136,179.103083,81.25552111,81.25552111,125.2900239,125.7056627,233.3119801,233.3119801,317.4678045,42.48227434,145.0939751,42.50691705,46.13411443
KRAS,JLA112_20150625_TUMOUR_01.raw,24.12784613,17.28127338,17.28127338,49.0016009,54.70339786,73.09874096,95.36178001,95.36178001,108.3951913,133.9679994,196.5263943,702.2924517,267.0189205,136.6853752,172.3684288,172.3684288,151.1579487,193,193,351.7577796,382.9907214,184.4773862,180.5936156,187.0801561,102.1312474,121.8604469,121.8604469,121.8604469,121.8604469,83.31663536,97.94995912,155.0842319,90.50570336,90.50570336,90.50570336,81.90457945,81.90457945,115.7354136,179.103083,81.25552111,81.25552111,125.2900239,125.7056627,233.3119801,233.3119801,317.4678045,42.48227434,145.0939751,42.50691705,46.13411443
KRAS,JLA112_20150625_TUMOUR_01.raw,18.0958846,17.73638799,17.73638799,71.73332874,69.71003365,78.1864691,97.7243761,97.7243761,104.3126752,141.4760151,233.9115013,670.1981456,312.2084422,150.1409871,168.0252291,168.0252291,147.0767615,193.125,193.125,378.4433347,462.1912867,190.2406797,215.6487,231.2894687,104.8748193,143.0221762,143.0221762,143.0221762,143.0221762,115.025373,113.9522888,141.4390429,87.87927752,87.87927752,87.87927752,86.87861059,86.87861059,101.1879666,179.9916725,78.72918403,78.72918403,122.530485,122.1280228,235.3589851,235.3589851,348.1882136,49.95795702,137.5704814,39.79557434,47.81848901
KRAS,JLA112_20150625_TUMOUR_01.raw,13.16064334,12.89919127,12.89919127,78.29486371,77.88052037,84.95484358,99.91879331,99.91879331,105.6184309,161.8472445,227.5052192,610.6697479,276.2760912,142.0319801,162.1796726,162.1796726,144.2535064,185.271447,185.271447,318.9588633,386.8610952,185.2950332,181.2288505,192.8371045,94.95868642,136.4309921,136.4309921,136.4309921,136.4309921,110.5755311,108.5264716,147.5983264,78.14369953,78.14369953,78.14369953,79.5526321,79.5526321,96.50342444,166.695615,84.21489526,84.21489526,118.8955502,118.7468727,207.3213553,207.3213553,292.8274404,49.6990158,120.3185399,36.54588401,39.5360279
KRAS,JLA112_20150625_TUMOUR_02.raw,107,107,107,107,107,107,107,107,107,107,212.304597,250.5,159.5866154,79.93487371,135,135,137,601,601,207.806942,287,168.4366817,77,77,66.71610268,158.8223777,158.8223777,158.8223777,158.8223777,76.50525902,76.50525902,204.4913818,56.94237905,56.94237905,56.94237905,56.94237905,56.94237905,92.26270158,144.6125768,83.32757589,83.32757589,97.37692711,41.40642849,72.98419009,72.98419009,94.64179825,57.77140047,71,6.5,6.5
KRAS,JLA112_20150625_TUMOUR_02.raw,107,107,107,107,107,107,107,107,107,107,212.304597,250.5,159.5866154,79.93487371,135,135,137,601,601,207.806942,287,168.4366817,77,77,66.71610268,158.8223777,158.8223777,158.8223777,158.8223777,76.50525902,76.50525902,204.4913818,56.94237905,56.94237905,56.94237905,56.94237905,56.94237905,92.26270158,144.6125768,83.32757589,83.32757589,97.37692711,41.40642849,72.98419009,72.98419009,94.64179825,57.77140047,71,6.5,6.5
KRAS,JLA112_20150625_TUMOUR_02.raw,107,107,107,107,107,107,107,107,107,107,212.304597,250.5,159.5866154,79.93487371,135,135,137,601,601,207.806942,287,168.4366817,77,77,66.71610268,158.8223777,158.8223777,158.8223777,158.8223777,76.50525902,76.50525902,204.4913818,56.94237905,56.94237905,56.94237905,56.94237905,56.94237905,92.26270158,144.6125768,83.32757589,83.32757589,97.37692711,41.40642849,72.98419009,72.98419009,94.64179825,57.77140047,71,6.5,6.5
KRAS,JLA112_20150625_TUMOUR_02.raw,107,107,107,92.12477778,92.12477778,92.12477778,80.75081102,80.75081102,80.75081102,84.25,272.2423457,750.9650778,220.5433077,66.3336146,115.0038556,115.0038556,170.618678,320.5910232,320.5910232,315.153471,453.75,163.4498293,114.5002395,114.5002395,96.85805134,108.8105345,108.8105345,108.8105345,108.8105345,111.2526295,111.2526295,117.4367672,69.69998081,69.69998081,69.69998081,63.75560171,63.75560171,160.8813508,229.4518654,71.4879497,71.4879497,104.644337,45.45894393,89.05121923,89.05121923,166.3208991,131.4445138,98.45872699,30.29558938,36.00440267
KRAS,JLA140_20150730_TUMOUR.raw,515.0495024,429,329.4545122,182.2966321,319.9520283,477.0906033,385.7021874,385.7021874,479.1050258,111.6004597,165.400141,309.0484848,1833.460918,385.2506866,1848.425757,1062.072332,1007.017389,613.7549826,2637.970457,127.8864247,2274.636146,652.0536579,77.53715568,208.8629988,484.6038156,68.85370706,83.92781944,83.92781944,417.1980597,288.6916022,449.7287556,303.9368073,362.8989253,361.2052644,361.2052644,373.8419342,412.8553695,380.687912,123.4221678,388.8976765,881.8780384,122.0142864,1112.487239,432.2295559,495.7011925,560.0270341,448.5236439,779.3698767,306.5522309,230.0849086
KRAS,JLA140_20150730_TUMOUR.raw,530.9710989,425.8571429,264.9471857,149.6820385,268.9915431,413.6762937,343.6842387,343.6842387,444.7143953,136.5048994,366.2399549,311.4301286,1770.359005,412.1892551,1543.516749,1054.846722,905.2269874,460.9213395,2910.656519,344.2608677,2783.568463,589.1110687,202.9025024,234.0110746,427.0851918,163.4328866,99.41257716,99.41257716,347.4614093,286.0499084,594.0048926,501.4947156,315.9969057,353.2027216,353.2027216,375.9114418,429.217115,675.0543654,691.7254537,851.530482,1318.63726,625.4697206,2013.342857,533.2664405,700.0198022,938.684091,615.4430525,870.3845506,375.7256898,321.9930783
KRAS,JLA140_20150730_TUMOUR.raw,492.0947195,462.3636364,270.9467055,148.440406,264.7538728,423.4672793,351.3338117,351.3338117,425.4385385,223.5073518,389.4615575,525.1841754,1846.473374,412.4755136,1662.646922,991.361083,843.1524093,597.9960331,3133.886438,427.5562567,3071.38137,541.8968168,172.6944024,205.7300847,439.3319068,164.6432138,119.8983282,119.8983282,322.902915,259.0090944,542.2695641,410.0865228,278.9731213,356.9797755,356.9797755,315.0931077,390.5214208,725.1621628,670.240631,908.6618245,1142.371583,516.5034229,1824.262189,501.2672198,786.9409134,1113.457254,627.1053279,895.2618509,319.7636184,330.740971
KRAS,JLA140_20150730_TUMOUR.raw,429.2162941,458.0714286,269.1932321,170.7163046,238.7278128,375.5205378,316.3075959,316.3075959,366.4276349,213.7999931,394.3670913,591.7895615,1697.118077,372.3794458,1567.743718,996.7410845,691.6820049,568.000181,3104.268197,419.0802213,2692.151858,451.50027,166.8638737,194.7423211,383.477122,159.8934757,119.4356819,119.4356819,276.7833678,239.5477106,491.5901054,387.7719237,248.9415291,340.9061328,340.9061328,281.4570504,341.0239994,646.1521965,690.757813,765.7744343,936.6795311,437.7784841,1494.744812,507.2107325,708.2398593,997.3513104,563.9069608,810.7586296,290.6110208,300.0971037
KRAS,JLA140_20150730_TUMOUR.raw,434.3492024,463.8888889,267.9738307,162.6061382,239.9554181,462.8001541,375.9513067,375.9513067,425.1121251,242.8694763,797.3751553,1568.120928,3457.980726,674.0173467,1559.448319,1019.529071,766.0058829,504.6313913,3577.625946,866.8259757,5037.082891,500.7349345,187.3000106,226.9249755,433.8970287,174.4001477,128.452786,128.452786,309.35905,852.0983307,1209.024224,843.143262,389.8273301,708.4850538,708.4850538,407.6653766,512.7883218,1493.138833,1734.329875,1035.129431,1287.113249,462.9020978,2231.329265,1432.521733,1646.325932,2765.42091,1173.915701,1920.850098,548.190471,563.8771863
KRAS,JLA157_20150909_TUMOUR.raw,215.2451685,3070.2,3070.2,509.1474609,772.9083382,20401,2317.640452,2317.640452,927.8849064,177.9582723,1459.888723,1482.549496,10376.78632,2493.021057,806.086741,610.5782726,215.3949773,422.356511,652.942804,13333.98843,20526.10615,88.498572,401.5227862,171.1372542,461.0587809,259.8047839,334.8456881,334.8456881,390.1611093,3058.840762,8519.896602,5108.682928,1252.742676,1252.742676,1252.742676,564.3527567,1466.779366,2341.727591,647.194375,2505.980578,1125.88874,1159.081798,3489.680722,4545.926086,4545.926086,9765.292727,6646.416142,3289.46793,1007.052417,1171.629346
KRAS,JLA157_20150909_TUMOUR.raw,226.6731709,1388.182574,1388.182574,594.3709563,731.4230217,21736.2,1047.557841,2294.706042,746.7426837,202.6935745,1548.945148,1594.333476,8488.122201,1982.919748,1277.328742,694.8700611,186.3899771,341.601811,1114.902207,1352.924989,37630.23591,367.3008745,273.2077558,185.2810474,392.0706838,184.19407,285.9383808,285.9383808,344.0402284,3868.324091,6843.552864,4290.46419,1096.28953,1096.28953,1096.28953,411.3223695,1222.908127,6902.931598,694.7523687,2177.706777,870.2000459,1436.878368,3221.391021,3798.870775,1946.792255,8386.645295,5825.262244,1347.122898,637.5850317,939.9358639
KRAS,JLA157_20150909_TUMOUR.raw,214.3323938,1541.777944,1541.777944,484.3855796,653.2112406,21431.06667,2409.827735,2409.827735,927.0874344,200.9215379,1622.896765,1913.974682,8544.941541,1889.445195,1234.415744,1234.415744,190.7301181,286.4436734,796.8192801,2262.263179,39070.33966,168.2185887,388.6983682,196.1931929,620.7436383,219.9454343,248.127224,248.127224,367.8250583,4990.332265,6711.540755,2545.188678,638.8665874,1378.486802,1378.486802,586.5343549,1071.927604,7364.284425,1561.232715,2181.691867,734.3193787,935.2067206,3310.456022,4058.726377,4058.726377,2916.428449,6306.993925,1386.390382,834.5850481,1003.935156
KRAS,JLA157_20150909_TUMOUR.raw,176.3556266,2850.749841,810.9028635,512.6585727,728.9230839,20811.33333,2095.766611,2095.766611,1155.054511,254.7096107,1760.131017,1627.679259,9988.30976,2102.34562,1298.648541,656.4463979,250.098561,366.891829,1447.691235,12239.20548,23668.1518,431.0457257,263.0194979,189.2671216,557.7071402,177.7915685,210.8281002,210.8281002,359.1252223,3714.641574,6900.258314,4647.185161,1421.667873,1421.667873,1421.667873,1109.800703,1109.800703,3162.215195,6312.939791,2365.875388,862.5327324,766.9629693,3446.488719,4193.925713,4193.925713,2005.711922,6632.898152,1118.467728,923.260747,435.3952966
KRAS,JLA163_T_20180727_LAS_1.raw,2554.123792,6312.780653,6312.780653,5657.430961,17244.44294,509348.7932,20935.9506,20935.9506,7357.122122,681.5942311,3600.986975,4148.168123,12892.56716,2557.625,1914.790559,1914.790559,6875.280602,2403.222508,438.3976274,5824.848407,14941.18984,5096.400437,2115.693387,3552.720045,5581.931674,509.4834805,1498.534924,1498.534924,3960.337324,3551.753942,3551.753942,3461.908926,3157.793951,4726.006892,4726.006892,3464.254224,3492.818881,1856.850651,3402.139284,2820.126834,1699.163475,2445.08193,2610.336391,2349.945349,3014.510946,2390.761332,3635.563232,2071.948465,2036.530969,2080.119175
KRAS,JLA187_20151013_TUMOUR_FRESH.raw,157.8561895,394.8544416,394.8544416,279.1378528,179.5467123,155.506589,582.987714,582.987714,174.7008357,423.3279606,258.2478238,2915.930485,273.0012564,257.6753459,697.9333333,697.9333333,87.59166549,577.8401324,577.8401324,189.0857915,168.5393781,207.7491508,297.1935108,109.060491,109.060491,97.31618863,97.31618863,97.31618863,97.31618863,93.5056591,93.5056591,94.40942276,65.21463268,65.21463268,65.21463268,65.21463268,65.21463268,51.61230891,51.61230891,78.09538452,78.09538452,78.09538452,65.76910964,65.76910964,58.91759725,58.91759725,13.15846479,13.15846479,13.15846479,13.15846479
KRAS,JLA187_20151013_TUMOUR_FRESH2.raw,141.5,141.5,141.5,141.5,141.5,141.5,141.5,141.5,141.5,141.5,143.5683271,474.1852658,93.66831668,93.66831668,376.5,376.5,468.5,257.4707791,257.4707791,126.498264,135,185.8402404,71.50705529,71.50705529,71.50705529,71.50705529,71.50705529,71.50705529,71.50705529,71.50705529,71.50705529,82,76.2018478,76.2018478,76.2018478,76.2018478,76.2018478,122.1409275,122.1409275,121.7658402,121.7658402,121.7658402,85.49399207,85.49399207,85.49399207,85.49399207,85.49399207,85.49399207,85.49399207,85.49399207
KRAS,JLA187_20151013_TUMOUR_FRESH2.raw,79.4,14.4,14.4,23.8,13.2,33.4,87,87,60.37330383,96.41913718,161.9813311,444.4120052,135.272864,131.8933251,378.2400694,378.2400694,144.0700721,314.120107,314.120107,194.1993056,245,159.3758938,109.0166448,109.1510655,97.23366408,124.8015754,124.8015754,124.8015754,124.8015754,147.0133406,147.0133406,147.0133406,76.83475799,76.83475799,76.83475799,76.83475799,76.83475799,76.83475799,76.83475799,167.3063361,167.3063361,167.3063361,60.42540318,60.42540318,60.42540318,60.42540318,60.42540318,60.42540318,60.42540318,60.42540318
none,JLA211_T_130219_CUT1.raw,194.7060057,274.4779449,162.7054969,394.3637776,605.6969204,277.0054857,190.3459157,190.3459157,318.3469779,268.4838008,902.5972107,2020.77925,13170.13981,2898.68028,2000.85629,2000.85629,318.6973683,527.6615435,1028.399105,557.0782872,630.7476649,296.4722023,367.1797964,8040.528782,3498.369797,348.6324315,329.0975404,329.0975404,329.0975404,230.0293284,4062.227681,3572.407373,2023.403965,2023.403965,2023.403965,1597.117716,1597.117716,238.5102047,515.9477967,4950.134739,4950.134739,292.4413533,9260.618411,4310.412309,803.2112117,8645.462169,2442.889726,557.4786373,1089.267367,1039.180851
none,JLA211_T_130219_CUT1.raw,172.4964175,220.1016803,171.7760576,325.9664621,597.2125896,241.1017404,170.046317,170.046317,359.2446221,306.7255359,828.2587297,1825.306531,13015.47062,2932.886795,2511.096363,2511.096363,340.1267786,517.7535209,1081.669826,683.1566662,1136.061143,302.602532,291.2791981,11535.84603,3334.571459,335.3143355,464.4231537,464.4231537,464.4231537,428.2150595,3902.08246,3401.431185,1822.058801,1822.058801,1822.058801,1499.988718,1499.988718,433.0381368,912.6224892,4428.700367,4428.700367,759.389907,8160.631128,4406.431546,1920.813189,8578.59044,2337.554934,530.2009329,1091.470622,986.5497079
none,JLA211_T_130219_CUT2.raw,220.2618749,247.5364537,168.543713,325.0769107,887,252.0968672,184.7682843,184.7682843,380.2255217,366.9969415,293.2334781,3362.924588,6471.939718,1315.856173,2037.802145,1671.847752,255.4425761,315.8574739,1738.755372,2061.69874,331.2875753,167.5978346,161.4834704,11638.31291,1219.114817,202.5424001,304.9082191,637.9739723,637.9739723,335.0642303,1393.591735,1504.790523,257.0538468,1067.85838,1067.85838,767.4681396,767.4681396,2172.405912,1100.648751,506.6956344,1771.83076,1659.310796,3732.985499,2628.365384,2628.365384,1690.527599,965.9756623,520.0017139,638.7470713,660.0618652
KRAS,JLA224_20160108_TUMOUR.raw,844.9880796,1468.666667,1468.666667,314.3054642,156.9087449,204.05691,1148,1148,450.8265155,122.1008762,441.6666667,130.0224013,781.6666667,122.8180078,306.6666667,306.6666667,163.8926779,181.1137689,520.0675829,970.3333333,1133.307744,90.67354199,254.1642143,661.7309719,74.49457418,98.16394811,98.16394811,98.16394811,98.16394811,127.737727,315,139.0082213,201.0932714,201.0932714,201.0932714,93.13867594,93.13867594,165.2942093,653.8386711,300.3333333,300.3333333,315.3830028,241.166007,134.3333333,134.3333333,472.379467,156.2789067,167.0598827,76.50510257,61.33526465
KRAS,JLA224_20160108_TUMOUR.raw,507.7097097,1541.833333,1541.833333,392.339189,184.1533892,247.5198523,1107.333333,1107.333333,450.915123,215.2514598,378,1228.630065,614.3602958,122.4419958,367.1783467,367.1783467,168.7927348,248.1806244,455.3627859,697.1799971,1001.177394,90.29793918,282.1132283,603.9361667,77.3745213,154.0310634,154.0310634,154.0310634,154.0310634,184.5223879,301.6162499,196.317745,157.3434397,157.3434397,157.3434397,97.27770231,97.27770231,166.2141442,505.277217,238.8377945,238.8377945,234.0676582,180.9162008,140.9249217,140.9249217,394.1906907,136.7446616,130.7746063,53.49637932,42.83624799
KRAS,JLA224_20160108_TUMOUR.raw,376.7502018,1601.5,1601.5,374.3923217,121.3555156,219.6109997,1145.7,1145.7,470.5603583,156.9304186,454.5,15649.35886,645.6161775,120.2970472,565.9277026,565.9277026,141.1101148,243.4323608,371.2740621,695.09669,715.7702702,123.6674798,209.6865152,355.9813283,64.07079228,124.5494742,124.5494742,124.5494742,138.1507668,195.3811736,269.2719121,167.2960297,135.9206647,135.9206647,135.9206647,99.23402077,99.23402077,202.0672213,379.3448741,207.8670214,207.8670214,208.6184986,170.7746761,156.373322,156.373322,471.0123999,135.1691216,123.4149725,49.39432973,62.25420845
KRAS,JLA224_20160108_TUMOUR.raw,343.0099583,1601.25,1601.25,373.211393,117.6145725,188.4453601,1142,1142,463.6336319,160.2778098,494.0833333,17355.21572,678.4301479,122.2434236,607.7730855,607.7730855,168.2874936,244.2121644,360.0364671,681.330575,671.6553938,123.4054968,191.3173942,316.2332411,60.84341752,116.4680481,116.4680481,116.4680481,126.6373877,216.008471,285.9765934,200.6584539,145.3505539,145.3505539,145.3505539,97.34611425,97.34611425,227.0611788,365.3790019,221.994927,221.994927,205.2789851,200.1610973,176.7277683,176.7277683,539.6113575,150.5561402,141.9509565,50.95461927,74.17619942
KRAS,JLA224_20160108_TUMOUR.raw,363.2280877,1614.733333,1614.733333,323.6455331,139.8899743,210.7507487,1198.866667,1198.866667,461.1057737,155.2203866,441.9548866,2983.609229,1184.350016,172.190429,917.0626008,501.6961419,171.3075501,288.5023665,396.1309607,571.3388191,836.4665537,124.3455703,185.3866457,265.1432881,76.053548,115.679675,107.9804386,107.9804386,107.9804386,691.4829756,540.8218722,346.7784391,250.0053501,250.0053501,250.0053501,134.3595506,134.3595506,400.7365913,442.4889104,293.7236661,562.0731089,203.3191,427.5840718,120.9361024,302.2869829,1051.198631,402.1610832,113.4000507,72.68422376,111.9461361
KRAS,JLA224_20160108_TUMOUR.raw,356.5349699,1613,1613,307.9789344,138.7564867,195.366605,1204.352941,1204.352941,440.5949418,151.9185212,478.4282908,2867.307194,1306.661779,184.8150844,893.6905368,508.9922121,163.5510518,271.5020881,413.721252,997.5894155,780.7057827,121.2499851,173.5882561,247.7070485,81.61673791,108.9057959,104.9233566,104.9233566,104.9233566,675.4992207,579.2325825,353.9221522,272.7038446,272.7038446,272.7038446,135.1751778,135.1751778,436.2381688,406.9451869,300.9818601,543.9499632,210.3907507,424.385243,155.3726421,327.7373417,1127.08514,444.5734779,140.4891676,74.6807294,119.3355282
KRAS,JLA224_20160108_TUMOUR.raw,371.8753447,1634.761905,1634.761905,353.9223561,117.793751,206.8848848,1218.380952,1218.380952,411.2042599,149.0660915,439.4947436,9204.905592,1543.922216,205.0819578,944.8869688,477.0602528,150.704561,258.0121106,412.8957932,866.1656975,774.258878,109.8997678,170.5343758,212.7628777,155.2541951,109.3143643,100.5819095,106.7833143,106.7833143,576.5978224,634.9904782,357.2691039,292.4266369,292.4266369,292.4266369,111.6630651,142.1313866,489.3335033,445.2015574,532.7104135,532.7104135,172.9138175,436.2964897,464.8062085,278.2252634,1448.848403,447.3054478,138.9707523,91.32258705,132.9382847
none,JLA239_T_20180813_CUT_1.raw,540.1622258,10879,10879,1001.348318,2121.137671,283.2088192,11210.66989,11210.66989,1242.095253,759.9195907,1781.877859,1498.0907,11053.9913,1856.6,1064.164825,453.9726984,397.9982404,401.3588092,683.4357166,1143.667228,1923.982446,251.8372958,155.9490092,2233.154278,729.8002756,719.0971941,182.392877,182.392877,571.0857169,1025.321292,6215,4129.797304,925.2366514,1843.723219,1843.723219,473.622993,1239.825851,6429.093605,739.4514961,2648.063259,2648.063259,548.4686339,3572.259172,7510.094281,7510.094281,191.1221736,3572.1528,4324.2,1542.771713,582.9201996
none,JLA239_T_20180813_CUT_1.raw,530.8387268,11108.45455,11108.45455,863.8220079,2549.549928,323.4578243,11666.69085,11666.69085,1200.913949,807.0027726,1570.580845,1256.531814,8079.368432,1411.352883,945.7243464,377.5938955,248.176052,339.1631348,456.8994823,1872.998156,1001.491846,281.4837,2518.404145,1890.908419,691.2901582,582.1958265,186.2266614,186.2266614,441.4908235,1282.710188,4943.090909,3466.544229,621.4253921,1435.720004,1435.720004,410.2846185,953.6476852,5293.666164,945.8962164,2336.820682,2336.820682,535.461484,3217.10201,5460.890331,5460.890331,1452.749629,2496.206235,3276.298319,1328.551588,534.6242677
KRAS,JLA467A_20171122_POLYP_FZ_CUT_1.raw,265.2506595,224.224091,168.321213,168.1846123,423.849085,346.0522577,1921.169004,1921.169004,1193.831678,131.0739116,170.6721626,1910.824343,8941.444671,1655.228357,5264.80416,713.4499921,667.7782417,474.4532523,476.2811239,8014.227289,54983.20663,605.310033,18895.40476,3519.418281,7601.984814,260.2806861,440.9763179,440.9763179,449.5819429,15792.22891,12606.94606,9727.677681,1915.108366,2906.805501,1536.838224,2537.967272,2537.967272,10811.43983,4689.816288,38807.43193,38807.43193,2028.28886,31326.56412,3814.145325,3814.145325,500.0311458,3822.227973,419.1634801,1809.549426,245.0760707
KRAS,JLA467A_20171122_POLYP_FZ_CUT_2.raw,329.9274886,218.6967556,218.6967556,390.5857513,492.1032116,288.9287608,2163.143805,2163.143805,1043.185117,161.4916239,646.5610313,1411.404123,6613.833333,1183.109217,3097.759251,1897.266671,285.9838032,468.4610692,865.5248189,1330.704223,36321.09768,491.3234804,353.4623043,239.0969093,4120.722626,84.77485224,241.2379659,241.2379659,460.3734913,2781.2901,5367.170887,4852.581109,1265.41949,1999.590989,897.349092,762.3599166,1669.428665,6792.675027,2193.20727,22207.2751,22207.2751,5751.996652,21033.16667,2637.160997,2637.160997,5612.649287,2534.868066,2718.879013,1306.228802,1076.103615
KRAS,JLA467B_20171122_POLYP_FZ_CUT_1.raw,212.9977379,162.3129054,158.0773083,177.6285918,543.2114338,449.8124956,1938.548841,1938.548841,1055.088993,765.0097677,831.2268119,1535.598805,10450.4,1847.8,5084.957257,5084.957257,405.5080028,255.1437406,505.8877515,5085.922119,59953.1319,1116.392369,724.2663134,644.5118674,8470.871913,163.728158,319.2489823,319.2489823,1155.09248,4790.50743,11784.6,9768.591031,2429.128882,3433.77481,2203.800516,2956.698671,2956.698671,11189.45661,813.3015293,35633.0207,35633.0207,11658.34817,34228,6141.71777,6141.71777,754.8733714,5425.360141,5353.779598,1288.185389,860.9524639
KRAS,JLA467B_20171122_POLYP_FZ_CUT_2.raw,113.3162901,226.1590632,226.1590632,268.6436193,228.2678063,311.3182984,2291.6,2291.6,1012.482362,101.768628,316.1147323,967.4326599,4579.860399,1023.729225,2363.674416,2363.674416,98.51924112,394.7573188,564.5598719,3376.713363,23899.41818,368.8580849,13959.81239,7061.687285,8766.819546,146.5395202,297.7598099,340.5112343,340.5112343,1276.5576,4551.714888,4130.68133,1306.939211,1306.939211,570.1083516,1110.093066,1110.093066,432.4719099,506.7541974,18611.78199,18611.78199,1049.717461,18625.93187,1706.433374,1706.433374,274.9735457,1906.10027,447.0100334,911.5107144,784.4693757
KRAS,JLA467C_20171122_POLYP_FZ_CUT_1.raw,175.4089686,185.3762663,185.3762663,462.8891115,271.5278785,496.7993581,2221.4,2221.4,1215.675022,419.2204767,677.534142,1688.181946,11539.51048,1970.472168,718.3825295,718.3825295,740.1550253,473.8937102,543.9680965,1375.177705,48948.14221,500.8757429,22791.47276,7378.62573,1303.275907,742.3344302,225.5333149,225.5333149,492.5383905,910.0180086,7267.486235,6109.236151,3141.066553,3141.066553,1952.888752,2067.330311,2067.330311,7735.935473,906.2143273,37242.22931,37242.22931,4879.066413,33138.64615,5440.497071,5440.497071,741.6796976,3873.462898,397.1165682,1756.680987,1477.940294
KRAS,JLA467C_20171122_POLYP_FZ_CUT_2.raw,144.9515769,210.9836679,210.9836679,195.850126,361.7322476,402.5193286,2430,2430,1010.5,161.4733168,133.7308763,495.6707731,4195.48085,913.8236045,2943.076815,951.7020312,626.0140176,348.9837489,1878.628947,138.4777667,22849.93973,351.9767323,25406.87633,6255.230531,4545.202283,180.9837641,402.4639399,360.8316245,360.8316245,3540.942087,4222.423097,1953.996844,1022.448377,1537.411228,689.7904799,632.7986747,907.6818569,3675.535327,1044.561177,16351.80684,16351.80684,4966.343615,14055.47264,1756.785244,1756.785244,3498.568593,1636.171005,1837.174393,760.0981045,405.8467609
none,JLA526_011118_P_CUT1.raw,145.9944551,1307.248403,1307.248403,300.0171889,1285.960007,248.0282772,3152.450034,5105.666667,8401.511289,742.241804,1351.333333,147.9041752,6112,1328.195023,1090.203817,1280.949268,458.3346737,306.385127,4642.793064,3020.533168,197.7111905,572.2729656,131.1150874,35378.42876,735.9324272,517.7354383,322.6085824,677.3813005,677.3813005,734.6114846,2523.310229,894.3750113,837.3678968,1151.586328,1151.586328,765.8307482,1055.668274,688.1848498,213.3571642,2450.436427,801.184632,208.2125953,2507.430027,386.9525736,2827.391706,225.3457098,2033.82874,404.7808655,337.5822493,127.1271282
none,JLA526_011118_P_CUT1.raw,376.7160556,1097.155689,782.3163645,315.8293836,1285.161485,735.4461534,2292.648847,3659.373404,8237.191733,381.3327245,672.6693878,536.1689539,12897.55526,1553.995327,1692.872089,1182.432092,389.9558943,429.6804527,1980.516023,573.719197,10333.93954,656.7235478,282.14851,17625.93951,1723.033212,1550.84017,286.5008391,286.5008391,1403.085224,3902.684824,8830.57812,3121.296751,1651.570626,2476.144271,2476.144271,1496.660229,2029.468838,2015.100925,526.3591149,7946.004187,1570.377782,1593.307371,8934.978084,7093.809599,7093.809599,10435.46645,4776.951803,637.9659152,1275.910549,2102.65486
none,JLA526_011118_P_CUT1.raw,400.6792745,972.3230549,712.7872421,450.6712828,1326.837765,797.3780086,2594.640377,3535.652286,8066.502605,396.7466623,688.0720534,458.2643805,15532.07068,2071.253203,1600.703466,906.5205414,440.8085542,416.775725,1881.231744,479.1180337,14957.40141,694.7177777,333.9767595,16059.09432,2096.867905,1646.201876,600.7378997,600.7378997,1637.754298,6393.053507,9826.440136,2916.622226,1792.685643,2864.886484,2864.886484,1672.079024,2106.633127,2344.99504,881.5148457,10216.02763,1707.736912,2045.767368,10706.45633,7069.873755,7069.873755,12030.90264,5350.948823,695.8038445,1465.733413,2427.253051
none,JLA526_011118_P_CUT2.raw,425.7712641,883.9217273,680.7324023,277.6837542,1514.998365,742.4139266,3527.903517,3855.998355,7648.744632,343.5449016,578.7002826,2514.107897,17208.44568,1973.801593,1635.236862,1283.665077,150.7177172,238.9778681,4293.735448,222.3983934,34864.00932,335.8639637,208.8799346,29113.31758,1810.881347,613.7206605,148.1512009,148.1512009,1444.443141,7981.616008,10281.26733,5347.852976,1446.376147,3112.464478,3112.464478,1320.08169,2005.018236,8919.652103,4689.119067,9061.463277,1647.872541,617.4987818,9984.416898,2942.317223,6454.382246,797.5120237,5911.319542,522.3795207,1184.296378,509.8081967
none,JLA526_011118_P_CUT2.raw,447.5784027,945.2126121,671.5739342,208.1263867,1432.118809,835.8661441,3278.046147,3941.340296,7985.920422,463.9177753,977.5985579,1223.08825,15420.91089,3237.36657,1549.787147,570.0208363,327.4872463,571.3101061,1944.309528,294.1720046,32142.62912,369.2158848,389.1358446,11710.30701,1916.076308,670.7276857,277.3325592,277.3325592,1585.497334,11215.57884,9343.996046,3403.838438,1448.183564,2934.445878,2934.445878,1421.634107,2062.930362,4904.676877,2905.77488,6589.29003,1533.389359,1502.039628,2898.719536,2735.874572,3846.29275,6075.023428,5579.394536,505.0997928,1153.507452,2316.18879
none,JLA526_011118_P_CUT2.raw,376.8427067,1023.782945,743.5083628,224.5638842,1250.01333,839.1839066,3639.372024,4682.903265,8395.205555,432.0834672,1033.468602,1069.83592,12268.6068,2591.090736,2057.395954,519.4691456,297.4102079,516.152928,1578.838372,272.6129175,25681.25261,403.3242293,413.7719249,9752.094242,1603.015668,771.1072815,279.2344747,279.2344747,1315.975017,8967.320616,7458.581797,2925.387969,1326.021583,2455.697916,2455.697916,1275.282537,1716.595587,4052.783474,2347.469056,5393.150233,1336.562874,1243.174062,2403.437964,2292.096433,3098.500331,4895.456428,4508.660987,429.3963428,1003.911512,1899.172048
none,JLA526_011118_P_CUT3.raw,4028.529815,523.0369019,364.5406051,215.3641255,1868.964851,1372.367098,4424.528026,2981.960353,7104.83401,419.982,792.6104803,681.6117022,26034.98138,5416.250405,1113.8,818.9631138,1125.121408,356.9291359,2758.145269,3320.543653,55390.27544,2004.26887,1048.805899,21649.76251,3276.969797,361.2360897,734.9238903,734.9238903,2510.57526,358.122374,15590.99158,4956.09951,2356.201585,4321.038032,4321.038032,2254.677341,3622.4587,3444.958666,512.223735,7765.046192,2434.960632,681.724552,15369.35349,3980.958257,7605.394687,2028.617269,9292.537128,860.5245705,2361.539914,3769.213557
none,JLA526_011118_P_CUT3.raw,2817.705746,592.1405677,492.9771595,304.4506728,1711.799978,1392.144098,3536.72111,2746.732339,7316.415836,504.544018,1091.084495,723.0425373,25392.8829,5168.132034,1148.040933,566.5123186,1010.732802,431.6309774,2285.230986,1116.303593,14213.14166,520.806304,717.7789166,11457.27424,8440.447785,718.857977,599.6574827,706.4062167,2436.850579,291.3928065,13330.18642,4422.854705,2474.87998,4275.081487,1965.177301,2284.469361,3342.667548,5517.796553,2042.200901,8931.73969,2394.202486,1980.881286,9014.465782,3627.644388,10113.58327,7282.676415,8244.467404,869.3700676,1953.940208,3715.061966
none,JLA526_011118_P_CUT3.raw,1952.701967,1107.42719,695.7747934,267.4645584,1327.322696,1191.74021,3958.273181,4293.814588,8222.602855,460.804811,1193.260392,575.5780255,17178.2208,3506.800211,1480.156126,1044.56318,812.0758756,455.0442389,3128.353392,846.2282838,9996.206495,426.9260567,567.4749317,8530.712151,5806.270357,1123.10385,476.5426048,527.0441753,1777.182075,285.4091784,9047.452233,3309.998719,1943.178298,3047.920129,1434.849749,1719.081537,2374.234835,3972.265664,1490.194437,6298.145153,1671.83252,1450.613981,6254.71849,2749.540633,6992.460316,5016.46805,5707.513267,664.5719468,1513.306331,2571.351917
none,JLA526_011118_P_CUT4.raw,1295.814505,1176.409468,976.975401,381.7031636,1587.858025,1464.651524,2692.061405,3306.270445,6020.168391,397.229614,721.6848184,120.5293739,23673.37925,2820.316245,968.1162562,883.5796696,338.1735471,398.8806717,1324.963071,1683.18208,6138.796772,273.9509336,968.1524745,6180.803933,2579.928011,480.434537,933.1407621,1805.408577,1805.408577,2135.967729,11705.2857,7974.52194,1703.982082,3449.60422,1928.731465,1681.032961,2277.817814,3366.28766,1277.212327,12582.1836,1973.014305,1660.9444,14121.26241,1844.985195,4484.450313,3887.978357,6941.713682,695.8958093,976.7914517,2626.355225
none,JLA526_011118_P_CUT4.raw,1286.142143,1016.272191,869.5268816,369.8877684,1603.873353,1225.17877,2494.248701,3529.525802,6849.684195,406.2243296,869.529361,2538.701657,21728.97035,2975.883026,2759.913451,920.678088,437.9096711,456.748731,849.8798389,1733.077148,8565.371992,431.5009336,889.3082293,4171.751821,2439.278192,643.1736602,910.1606851,1683.949458,1683.949458,3524.53255,11633.09737,7195.61082,1694.384853,3087.22949,1979.683765,1594.824556,2370.823503,4642.046821,2372.151939,10889.52176,1902.113036,1619.187087,12075.6864,2070.900174,5290.239623,7895.909072,6037.296239,717.6988341,1228.415686,2515.251189
KRAS,JLA543_12_011118_P_CUT2.raw,243.6631146,2333.869941,1704.478045,294.2000429,733.4579338,923.8046159,9320,9320,7445.202046,253.3595668,430.7814174,842.2393808,10380.14521,2334.035424,1060.676584,975.9921512,236.0488865,578.2863325,2300.357539,2583.684846,30721.27682,1193.069076,1118.898261,7686.41686,1733.941426,490.3807872,243.9703119,243.9703119,1518.218098,255.4245162,6583.413753,6189.74524,1319.016004,3391.930414,3391.930414,1425.562114,1916.924343,1830.372069,2612.796513,14669.36759,14669.36759,1904.726716,20338.16595,863.3550672,2392.343313,11053.49627,5456.881327,4035.939126,752.5167438,1514.75762
KRAS,JLA543_6_011118_P_CUT1.raw,279.3091533,758.8957678,758.8957678,397.9626655,734.045568,348.4261799,4965.5,4965.5,8194.5,177.5814078,1484.5,1037.84899,3645.5,861,674,1048.672638,165.6831439,255.1555698,7018.945995,971.0659375,11031.13016,774,261.635034,24249.54373,607.5,550.8878747,136.948388,136.948388,495.461711,290.0267003,3167.0691,622.3275696,566.4,1332.7,1332.7,576.2895191,681.457275,573.86124,254.2787511,5104.241764,5104.241764,483.328486,6247.5,1987.591938,217.5214058,402.3639984,2030.839546,365.7105263,269.8318546,1123.975635
KRAS,JLA543_6_011118_P_CUT1.raw,353.1705522,853.4003865,853.4003865,361.7940354,737.7318593,504.1758769,5277.333333,5277.333333,8428.333333,497.6829184,1375.635125,767.4127197,2682.652511,733,695.6666667,759.1147379,145.0138819,453.7789412,9519.20181,1003.92867,7866.930784,697,255.8320243,16548.66097,553.6046748,734.7473684,170.2915933,170.2915933,435.4400003,365.8350826,2192.701913,572.6371913,508.1244161,938.5623932,938.5623932,534.1697933,558.0775113,515.2357687,275.7688125,3498.499169,3498.499169,587.6559938,4332.247612,1434.763232,191.6415703,409.8140942,1419.503433,302.9066323,337.0140181,840.7955803
KRAS,JLA543_6_011118_P_CUT2.raw,500,85,85,222,1149,961,4119,4119,7006,139,2068,209,11724,2774,1009,117,275.5,45,90,56,34862,1837,1464,155,1579,153,71,71,1812,71,9460,1513,1119,3703,2299,1508,1706,1011,337,18704,18704,65,25623,1130,4352,11754,4847,369,2481,121
KRAS,JLA543_6_011118_P_CUT2.raw,259.5788699,920.2886455,920.2886455,439.7815306,606.2144795,843.0290689,6840.166667,6840.166667,8223.982045,175.2890023,1678.265759,330.916478,2464.946894,673.156683,1120.631279,727.7443645,283.0285575,119.1562411,889.6132879,251.769645,7349.040637,767.6982561,585.7677597,802.3551509,506.201532,753.075925,361.21396,361.21396,573.6557299,314.6331515,1889.663615,759.5832039,740.5112652,1002.22193,641.5049279,723.9487938,632.6874669,763.6724747,220.8955905,3717.007172,3717.007172,219.6140001,4796.704129,716.0715299,1129.588687,2191.913845,1125.592585,345.7545336,650.2329923,243.9995689
KRAS,JLA543_6_011118_P_CUT3.raw,555.630765,188.1433582,249.9269364,259.0539179,844.7827715,612.1577848,2227.277003,4879.5,8628.5,1240.594967,1467,1574.885407,4556,1085.5,727.5,248.1419214,538.8014905,307.8092272,7588.346046,1041.810534,12581.6319,957.4664145,635,21705.51028,1089.998513,250.0964029,173.6300609,197.0387475,947.8516404,71.11417756,3922.5,727.647828,733.9428571,1706.685714,687.3403042,819.3903434,822.182931,2987.057417,4548.981979,7811.999114,7811.999114,303.9595685,9000,906.4162744,815.052021,464.855802,2177.66415,449.1885544,583.7818654,645.6091038
KRAS,JLA543_6_011118_P_CUT3.raw,424.2678637,337.7980371,260.3686992,188.420181,869.8944692,468.0223185,2986.607339,4956,8257.333333,1058.645622,1403,1497.89051,3463.666667,829.3333333,680.8751715,679.0943818,517.2091289,396.7010061,10323.77673,750.9923876,10274.82517,830.310943,591.3333333,14717.66352,1859.408089,416.0326951,186.5027263,226.9755407,844.3481962,439.6173067,3104.333333,699.1344266,644.4288444,1439.950476,705.3665091,789.8449646,691.7886207,2343.835691,3449.987986,6816.99941,6816.99941,298.0129317,7820.333333,749.2544573,667.2206273,517.9802687,1719.050281,592.830221,496.7383137,574.529869
KRAS,JLA543_9_011118_P_CUT1.raw,195.2380778,1823.351277,1472.050097,400.3093629,831.5369095,567.3116009,5096.409801,8838.992394,7911.4,382.5304643,411.0325922,1371.376035,4951.166521,1098.023448,1458.527452,771.20921,188.8380976,720.5116989,6864.4947,461.3615432,527.6385803,857.4460547,589.0809334,256.2543683,1647.97923,247.3615045,338.7128576,338.7128576,1076.424283,242.6182559,3339.819098,941.1981291,1101.325784,1441.273939,1098.242244,1066.312985,1015.277802,1006.13923,962.5304075,6085.512895,6085.512895,188.1238602,6446.221652,913.1134118,2277.216205,6352.629811,2199.781171,1832.301364,719.2070709,752.6101774
KRAS,JLA543_9_011118_P_CUT1.raw,263.7760205,2022.687874,1529.731986,381.7259444,756.4354973,572.9374357,5715.664137,9047.696197,7891,317.3549047,431.6185482,1449.118819,3639.688263,844.3192521,1399.102816,492.0890328,200.7589259,743.5081463,5942.482134,686.7671185,1454.489578,1422.170912,483.6958796,2388.429088,1375.974212,342.4237341,339.8493899,339.8493899,1003.232556,445.9602949,2492.057458,905.8736572,912.1828361,1231.038542,895.7064618,943.8135698,928.9833975,853.8872479,562.0807833,5304.711385,5304.711385,535.9414611,5955.090712,784.262093,1712.779316,4711.901105,1545.043917,1587.842847,627.8903681,551.2626355
KRAS,JLA543_9_011118_P_CUT1.raw,502.6788525,1626.213169,1152.609207,354.1849729,858.4512187,624.6771623,6064.578134,9138.11541,8170.117647,376.9215894,598.211618,1643.86282,3877.506931,891.9298115,1446.83672,1062.078974,211.4030913,696.6022885,4895.270791,632.6379891,1969.208424,1332.431985,464.1624799,3719.250886,1458.341671,373.440704,539.7818363,539.7818363,993.8304627,485.0497313,2343.850479,905.1195352,933.2887565,1267.812951,992.259599,873.5700805,933.5453808,866.2254406,473.0194505,5458.818509,5458.818509,604.7944239,6450.484777,843.1221428,1592.548496,4744.000838,1535.329957,1682.509135,629.0527975,605.5807525
KRAS,JLA543_9_011118_P_CUT2.raw,334.5214806,2777.363104,1634.376695,229.851171,904.0184414,1147.497504,6760.661491,6760.661491,6526.124127,256.4927127,1089.435097,2276.579161,7961.837672,1753.872664,1515.022972,526.0411078,2275.342832,471.6916188,3300.246743,2622.763331,25577.7792,2920.667856,804.3267798,1029.89642,2679.080316,448.6830759,637.8346375,1854.321271,1854.321271,4470.672074,5147.280991,1665.414008,1487.417862,3071.06565,1636.342135,1467.951792,1879.109028,1665.51146,394.1821579,12851.49146,12851.49146,996.9488872,17323.21276,1225.392244,1842.135846,9540.346752,3110.545621,3280.199489,1037.919663,287.972195
KRAS,JLA543_9_011118_P_CUT2.raw,310.8833289,2684.090272,1319.983292,297.483069,765.3934548,911.5745447,7987.982669,7987.982669,7380.275865,272.8280225,853.997378,2010.520444,5527.756694,1251.200819,1630.737934,472.9257678,1696.711978,382.0787425,2997.792486,1885.717046,16444.70858,2907.158228,663.9424253,1298.920848,1978.511424,603.84836,741.678951,1351.567155,1351.567155,2309.716098,3604.528527,1254.019816,1157.329219,2062.747026,1326.710433,1150.809371,1411.635801,1250.321297,695.1366869,9255.437478,9255.437478,613.476348,12216.69535,1001.539387,1368.871512,6979.554593,2138.385082,2542.283038,865.5503523,286.6300183
KRAS,JLA543_9_011118_P_CUT3.raw,285.9276645,1125.161214,209.3362992,257.2831283,715.6025547,1445.519278,3988.539415,3988.539415,7181.930698,295.125071,1228.043509,962.8090514,16613.59315,2323.609361,1770.457095,1478.47083,156.0722668,286.9247773,1113.811559,3201.687841,47465.742,1247.012941,1575.379216,11481.20916,2286.253455,229.1506262,329.3808477,329.3808477,2193.108391,2047.079071,9589.523507,8688.744156,2379.274879,4856.5453,2008.13215,1532.698379,3861.583426,11102.87147,15650.3333,23332.15777,23332.15777,21419.95511,31012.4721,3328.23355,7168.668331,7943.003508,4018.548504,1199.077214,1457.582985,3660.61569
KRAS,JLA543_9_011118_P_CUT3.raw,244.795153,869.190711,186.9450861,238.7554098,866.174758,1193.348474,4439.390379,4439.390379,7753.860178,229.6773843,1065.181721,1396.291869,13072.76737,1978.198086,2023.221583,1271.182804,263.5475415,306.3334608,972.6988984,2446.030066,37909.03218,1302.850838,1311.534969,13437.81698,1950.697235,228.1017923,267.4836017,267.4836017,1672.907758,4110.176224,8315.878645,7016.98187,1837.325071,3917.305235,1874.805143,1321.587933,2882.536267,8722.241396,12343.86548,19111.82067,19111.82067,17417.42078,23789.87295,3258.293791,5508.83591,7801.945495,3650.272629,849.3812665,1180.813511,3058.469929
KRAS,JLA543_9_011118_P_CUT4.raw,219.3039662,979.7182605,712.0292738,272.7664825,1288.488862,918.1211735,4603.783245,4603.783245,8338.744465,322.611312,1740.833333,2930.790347,3551.650309,805.7319355,923.3960426,750.7998333,395.4230324,812.3403115,2510.443294,365.3534201,7482.311937,803.2829112,851.6521029,6738.893125,1233.864051,539.9281634,308.6883004,308.6883004,870.1898445,797.87481,2506.751857,969.4574344,979.5641508,1073.08306,773.4271624,1034.140488,903.4058788,989.4679067,2261.90349,4387.366455,4387.366455,877.453324,5071.785668,711.6965627,951.5248169,815.6212493,1733.076177,767.4460137,624.6177569,901.014329
KRAS,JLA543_9_011118_P_CUT4.raw,227.9702561,945.1530075,701.5690919,260.3692601,1330.671225,882.815842,4689.764342,4689.764342,8405.852399,336.7523486,1696.928571,2673.713367,3077.163012,718.1251771,1019.785519,817.5724224,389.449329,791.1479267,2225.351306,330.5977581,6558.217219,735.3547335,774.9814935,6614.458252,1078.714286,544.8321352,286.9898381,286.9898381,762.7324482,700.8798345,2203.310227,876.8573247,903.1912705,974.0622364,710.4822521,945.0917397,844.4503326,890.8370894,1971.586497,3821.063214,3821.063214,794.1597281,4401.254874,650.267869,846.7724235,721.8464745,1531.941819,712.1195294,590.0699761,800.730815
KRAS,JLA543_9_011118_P_CUT4.raw,212.3668653,925.96745,669.7768343,262.0211256,1302.331343,806.169153,4755.630236,4755.630236,8418.888925,328.8416544,1645.235294,2348.111729,2596.768137,632.9542551,2685.931264,1707.034806,348.3680785,786.552973,1880.906515,298.4916664,5591.969423,656.4130259,700.6010211,5742.006859,948.2885878,547.1144318,288.4318963,288.4318963,669.7229181,631.5961139,1871.609521,791.3855944,801.48695,849.7437272,627.2680303,874.8845337,796.1961366,815.923144,1687.354035,3227.768002,3227.768002,712.3762612,3671.143061,582.8444794,739.9908893,635.9329965,1294.407355,628.0174325,542.2598848,698.1512732
KRAS,JLA543_9_011118_P_CUT4.raw,241.8840388,905.5709646,671.6307648,242.2080175,1248.619555,866.7215651,4515.734786,4515.734786,8398.498214,299.1021539,1749.272727,2787.748262,3542.99668,838.6168545,2268.473495,1473.160465,387.1921914,827.3208434,2419.32591,381.8676936,7553.149159,686.9834308,848.3403992,6367.919396,1260.13957,591.7547306,376.195616,376.195616,905.5943515,924.1140198,2509.947663,951.7192264,959.0366339,1062.101821,834.5179502,1000.0261,991.1800825,1040.995206,2274.157237,5317.684365,5317.684365,1308.242896,5420.791888,680.8247429,899.7439604,1773.098148,1612.440463,959.9029834,613.3148107,894.6077947
KRAS,JLA543_9_011118_P_CUT4.raw,235.4956048,943.4388291,697.2605889,232.7859941,1169.563048,847.5002459,4600.58927,4600.58927,7893.711463,275.2979729,1656.08,2615.770456,3513.323071,846.7329395,2333.18206,1318.513426,401.1796491,769.5798919,2146.889963,381.4908939,7207.986661,626.6614038,808.2490672,5748.258391,1292.010915,550.1697457,357.4899401,357.4899401,853.9137788,918.6595037,2422.682145,1017.496394,906.9562275,1018.690205,804.4300575,948.0445367,949.7950966,976.1372041,2220.337812,5048.620708,5048.620708,1279.832325,5095.216861,732.6785757,945.2500686,1678.63551,1590.063019,951.4296856,608.5635632,877.8426387
KRAS,JLA543_9_011118_P_CUT5.raw,209.2272275,806.7559438,670.9571911,270.6545681,1077.499545,875.3876459,5694.2,5694.2,8562,377.2996836,284.0242161,1172.757845,11099.1255,2606.622711,830.1529798,283.3305573,319.2521093,480.3872845,2276.39973,2199.951674,31959.14889,349.7975409,1671.939048,954.6477859,2298.308595,1152.076205,211.6942104,211.6942104,1520.069194,1339.470519,8504.214413,4757.328681,1356.223128,3614.55081,1990.371158,1273.213839,1950.187596,4625.958976,723.6936011,19184.53346,19184.53346,1819.001095,23909.49369,1571.300427,3743.149857,7469.955589,5229.583559,626.9411516,1376.758576,860.7139103
KRAS,JLA543_9_011118_P_CUT5.raw,206.4728167,747.0762922,602.8910662,444.004631,1091.598008,1134.256799,4777.597109,4777.597109,7656.139859,290.4270943,746.7043806,1672.588656,11513.1925,2687.184182,797.0764899,399.588129,310.2413873,409.1632659,1789.250793,1366.90343,34027.77697,932.5334891,1655.230275,5400.973875,2456.667195,700.0785657,206.7909642,206.7909642,1779.569507,1006.492012,8515.100386,3382.560742,1584.54594,3780.670865,2198.051989,1430.576123,1791.263512,4184.430824,1367.499441,17708.23078,17708.23078,2578.151097,21618.73664,1333.503359,3553.850011,8797.090284,4842.788745,555.8767706,1346.625225,531.3742047
KRAS,JLA543_9_011118_P_CUT6.raw,316.1775824,798.8186888,590.7254662,182.2875005,926.9830465,762.2478213,5229.4,5229.4,8279.4,318.6061926,637.745247,3367.321037,12204.7202,2017.831316,6241.945057,1900.122601,394.0195799,190.517824,1458.440265,2055.300185,16331.88013,543.6044078,1339.927791,19494.07892,1778.336784,255.9450057,280.3517427,280.3517427,1361.675634,1644.889336,9872.135724,8468.134044,2099.380541,3821.102926,1945.24564,1415.451348,489.7034917,8260.207726,9354.875246,20300.12944,20300.12944,2398.098959,20573.89411,1160.661312,4694.621521,10725.97275,4721.372466,4721.263236,2344.791507,3015.478837
KRAS,JLA543_9_011118_P_CUT6.raw,400.2733599,957.6869091,499.5940977,192.9276712,1011.762047,693.8942103,4206.521344,4206.521344,8180.6,482.3109337,1416.746944,1843.720083,16375.53686,3429.886662,3758.872529,1888.092197,1916.006962,360.6852322,1253.86026,17702.67376,23172.3729,2756.885071,1312.182916,10103.60959,2079.796208,612.0664455,367.5374296,367.5374296,1618.423217,4832.210656,14108.36281,12215.75212,1515.504142,5036.378524,2430.413334,1259.57704,2626.729585,1509.248708,3632.579763,24085.38677,24085.38677,3137.401856,24479.86449,5764.090073,1939.529856,13468.72753,6738.253251,941.1534161,1224.384818,871.2338607
KRAS,JLA606_P_130219_CUT1.raw,32.2400673,32.2400673,32.2400673,53.49007734,293.6218839,221.3365737,214.4561385,214.4561385,271.5865468,355.5395063,173.5882407,975.3343927,1016.917306,1016.917306,3520.820513,3520.820513,192.1697262,1123.26318,1607.166161,306.7805849,350.6298109,112.9222964,3720.759769,2352.896319,1982.950518,363.7767972,169.7968626,169.7968626,169.7968626,106.802928,103.9656503,89.73784799,81.41698592,81.41698592,102.6167107,102.3971264,96.30020746,168.4822715,101.6755201,107.198477,104.9106931,87.8055516,87.39103465,85.95713861,85.95713861,95.84384422,88.94417724,90.050345,90.73270255,118.0580214
